QSFPDD_Port,QSFPDD_Lane,Octal,Tile,TX_Lane,TX_PN_Swap,RX_Lane,RX_PN_Swap,Schematics Net Name,TX_Main_Cu_0.5m,TX_Pre1_Cu_0.5m,TX_Pre2_Cu_0.5m,TX_Post1_Cu_0.5m,TX_Post2_Cu_0.5m,TX_Main_Cu_1m,TX_Pre1_Cu_1m,TX_Pre2_Cu_1m,TX_Post1_Cu_1m,TX_Post2_Cu_1m,TX_Main_Cu_2m,TX_Pre1_Cu_2m,TX_Pre2_Cu_2m,TX_Post1_Cu_2m,TX_Post2_Cu_2m,TX_Main_Cu_2.5m,TX_Pre1_Cu_2.5m,TX_Pre2_Cu_2.5m,TX_Post1_Cu_2.5m,TX_Post2_Cu_2.5m,TX_Main_Cu_Loop_0dB,TX_Pre1_Cu_Loop_0dB,TX_Pre2_Cu_Loop_0dB,TX_Post1_Cu_Loop_0dB,TX_Post2_Cu_Loop_0dB,TX_Main_Opt,TX_Pre1_Opt,TX_Pre2_Opt,TX_Post1_Opt,TX_Post2_Opt
1,0,8,1,0,Y,6,N,Port1_*,,,,,,,,,,,,,,,,,,,,,,,,,,,,,,
,1,,,1,Y,0,N,,,,,,,,,,,,,,,,,,,,,,,,,,,,,,,
,2,,,5,Y,7,N,,,,,,,,,,,,,,,,,,,,,,,,,,,,,,,
,3,,,4,Y,1,N,,,,,,,,,,,,,,,,,,,,,,,,,,,,,,,
,4,,,2,N,2,N,,,,,,,,,,,,,,,,,,,,,,,,,,,,,,,
,5,,,3,Y,4,N,,,,,,,,,,,,,,,,,,,,,,,,,,,,,,,
,6,,,6,Y,5,N,,,,,,,,,,,,,,,,,,,,,,,,,,,,,,,
,7,,,7,Y,3,N,,,,,,,,,,,,,,,,,,,,,,,,,,,,,,,
2,0,9,1,1,Y,7,N,Port0_*,,,,,,,,,,,,,,,,,,,,,,,,,,,,,,
,1,,,7,N,2,N,,,,,,,,,,,,,,,,,,,,,,,,,,,,,,,
,2,,,2,N,6,N,,,,,,,,,,,,,,,,,,,,,,,,,,,,,,,
,3,,,0,N,0,N,,,,,,,,,,,,,,,,,,,,,,,,,,,,,,,
,4,,,4,Y,4,N,,,,,,,,,,,,,,,,,,,,,,,,,,,,,,,
,5,,,6,Y,5,N,,,,,,,,,,,,,,,,,,,,,,,,,,,,,,,
,6,,,3,N,3,N,,,,,,,,,,,,,,,,,,,,,,,,,,,,,,,
,7,,,5,Y,1,N,,,,,,,,,,,,,,,,,,,,,,,,,,,,,,,
3,0,10,1,6,Y,7,N,Port3_*,,,,,,,,,,,,,,,,,,,,,,,,,,,,,,
,1,,,4,Y,0,N,,,,,,,,,,,,,,,,,,,,,,,,,,,,,,,
,2,,,1,Y,5,N,,,,,,,,,,,,,,,,,,,,,,,,,,,,,,,
,3,,,7,Y,1,N,,,,,,,,,,,,,,,,,,,,,,,,,,,,,,,
,4,,,2,Y,6,N,,,,,,,,,,,,,,,,,,,,,,,,,,,,,,,
,5,,,0,N,4,N,,,,,,,,,,,,,,,,,,,,,,,,,,,,,,,
,6,,,5,N,3,N,,,,,,,,,,,,,,,,,,,,,,,,,,,,,,,
,7,,,3,Y,2,N,,,,,,,,,,,,,,,,,,,,,,,,,,,,,,,
4,0,11,1,7,N,7,N,Port2_*,,,,,,,,,,,,,,,,,,,,,,,,,,,,,,
,1,,,5,Y,0,Y,,,,,,,,,,,,,,,,,,,,,,,,,,,,,,,
,2,,,2,Y,4,Y,,,,,,,,,,,,,,,,,,,,,,,,,,,,,,,
,3,,,1,N,1,N,,,,,,,,,,,,,,,,,,,,,,,,,,,,,,,
,4,,,4,N,6,Y,,,,,,,,,,,,,,,,,,,,,,,,,,,,,,,
,5,,,0,N,2,Y,,,,,,,,,,,,,,,,,,,,,,,,,,,,,,,
,6,,,3,N,5,Y,,,,,,,,,,,,,,,,,,,,,,,,,,,,,,,
,7,,,6,N,3,N,,,,,,,,,,,,,,,,,,,,,,,,,,,,,,,
5,0,12,1,2,N,4,Y,Port5_*,,,,,,,,,,,,,,,,,,,,,,,,,,,,,,
,1,,,6,Y,0,Y,,,,,,,,,,,,,,,,,,,,,,,,,,,,,,,
,2,,,0,Y,6,Y,,,,,,,,,,,,,,,,,,,,,,,,,,,,,,,
,3,,,5,N,1,Y,,,,,,,,,,,,,,,,,,,,,,,,,,,,,,,
,4,,,4,Y,7,Y,,,,,,,,,,,,,,,,,,,,,,,,,,,,,,,
,5,,,7,Y,3,Y,,,,,,,,,,,,,,,,,,,,,,,,,,,,,,,
,6,,,1,N,5,Y,,,,,,,,,,,,,,,,,,,,,,,,,,,,,,,
,7,,,3,N,2,Y,,,,,,,,,,,,,,,,,,,,,,,,,,,,,,,
6,0,13,1,4,Y,6,Y,Port4_*,,,,,,,,,,,,,,,,,,,,,,,,,,,,,,
,1,,,7,N,1,N,,,,,,,,,,,,,,,,,,,,,,,,,,,,,,,
,2,,,2,N,7,N,,,,,,,,,,,,,,,,,,,,,,,,,,,,,,,
,3,,,3,Y,2,Y,,,,,,,,,,,,,,,,,,,,,,,,,,,,,,,
,4,,,1,Y,4,Y,,,,,,,,,,,,,,,,,,,,,,,,,,,,,,,
,5,,,5,Y,0,Y,,,,,,,,,,,,,,,,,,,,,,,,,,,,,,,
,6,,,0,Y,5,Y,,,,,,,,,,,,,,,,,,,,,,,,,,,,,,,
,7,,,6,N,3,N,,,,,,,,,,,,,,,,,,,,,,,,,,,,,,,
7,0,14,1,0,Y,7,N,Port7_*,,,,,,,,,,,,,,,,,,,,,,,,,,,,,,
,1,,,5,Y,2,Y,,,,,,,,,,,,,,,,,,,,,,,,,,,,,,,
,2,,,7,N,6,Y,,,,,,,,,,,,,,,,,,,,,,,,,,,,,,,
,3,,,4,N,1,Y,,,,,,,,,,,,,,,,,,,,,,,,,,,,,,,
,4,,,1,Y,4,Y,,,,,,,,,,,,,,,,,,,,,,,,,,,,,,,
,5,,,2,N,5,N,,,,,,,,,,,,,,,,,,,,,,,,,,,,,,,
,6,,,6,N,3,Y,,,,,,,,,,,,,,,,,,,,,,,,,,,,,,,
,7,,,3,Y,0,N,,,,,,,,,,,,,,,,,,,,,,,,,,,,,,,
8,0,15,1,1,Y,0,Y,Port6_*,,,,,,,,,,,,,,,,,,,,,,,,,,,,,,
,1,,,3,N,4,Y,,,,,,,,,,,,,,,,,,,,,,,,,,,,,,,
,2,,,5,N,7,Y,,,,,,,,,,,,,,,,,,,,,,,,,,,,,,,
,3,,,6,N,1,Y,,,,,,,,,,,,,,,,,,,,,,,,,,,,,,,
,4,,,7,N,5,N,,,,,,,,,,,,,,,,,,,,,,,,,,,,,,,
,5,,,2,Y,6,Y,,,,,,,,,,,,,,,,,,,,,,,,,,,,,,,
,6,,,0,Y,3,Y,,,,,,,,,,,,,,,,,,,,,,,,,,,,,,,
,7,,,4,N,2,N,,,,,,,,,,,,,,,,,,,,,,,,,,,,,,,
9,0,23,2,5,Y,1,Y,Port8_*,,,,,,,,,,,,,,,,,,,,,,,,,,,,,,
,1,,,7,Y,5,N,,,,,,,,,,,,,,,,,,,,,,,,,,,,,,,
,2,,,4,Y,0,N,,,,,,,,,,,,,,,,,,,,,,,,,,,,,,,
,3,,,2,Y,4,Y,,,,,,,,,,,,,,,,,,,,,,,,,,,,,,,
,4,,,3,N,3,N,,,,,,,,,,,,,,,,,,,,,,,,,,,,,,,
,5,,,1,N,7,N,,,,,,,,,,,,,,,,,,,,,,,,,,,,,,,
,6,,,6,N,2,Y,,,,,,,,,,,,,,,,,,,,,,,,,,,,,,,
,7,,,0,N,6,N,,,,,,,,,,,,,,,,,,,,,,,,,,,,,,,
10,0,22,,5,Y,3,Y,Port9_*,,,,,,,,,,,,,,,,,,,,,,,,,,,,,,
,1,,,4,Y,4,N,,,,,,,,,,,,,,,,,,,,,,,,,,,,,,,
,2,,,1,Y,0,N,,,,,,,,,,,,,,,,,,,,,,,,,,,,,,,
,3,,,0,N,6,Y,,,,,,,,,,,,,,,,,,,,,,,,,,,,,,,
,4,,,3,N,1,N,,,,,,,,,,,,,,,,,,,,,,,,,,,,,,,
,5,,,7,Y,5,Y,,,,,,,,,,,,,,,,,,,,,,,,,,,,,,,
,6,,,2,Y,2,N,,,,,,,,,,,,,,,,,,,,,,,,,,,,,,,
,7,,,6,Y,7,N,,,,,,,,,,,,,,,,,,,,,,,,,,,,,,,
11,0,21,,3,N,4,Y,Port10_*,,,,,,,,,,,,,,,,,,,,,,,,,,,,,,
,1,,,4,N,1,Y,,,,,,,,,,,,,,,,,,,,,,,,,,,,,,,
,2,,,6,Y,6,N,,,,,,,,,,,,,,,,,,,,,,,,,,,,,,,
,3,,,0,N,2,N,,,,,,,,,,,,,,,,,,,,,,,,,,,,,,,
,4,,,5,Y,7,N,,,,,,,,,,,,,,,,,,,,,,,,,,,,,,,
,5,,,7,Y,3,N,,,,,,,,,,,,,,,,,,,,,,,,,,,,,,,
,6,,,1,N,5,Y,,,,,,,,,,,,,,,,,,,,,,,,,,,,,,,
,7,,,2,Y,0,N,,,,,,,,,,,,,,,,,,,,,,,,,,,,,,,
12,0,20,,7,N,5,N,Port11_*,,,,,,,,,,,,,,,,,,,,,,,,,,,,,,
,1,,,3,N,6,Y,,,,,,,,,,,,,,,,,,,,,,,,,,,,,,,
,2,,,6,Y,0,Y,,,,,,,,,,,,,,,,,,,,,,,,,,,,,,,
,3,,,1,Y,4,N,,,,,,,,,,,,,,,,,,,,,,,,,,,,,,,
,4,,,2,N,1,N,,,,,,,,,,,,,,,,,,,,,,,,,,,,,,,
,5,,,5,N,7,N,,,,,,,,,,,,,,,,,,,,,,,,,,,,,,,
,6,,,4,Y,3,N,,,,,,,,,,,,,,,,,,,,,,,,,,,,,,,
,7,,,0,Y,2,Y,,,,,,,,,,,,,,,,,,,,,,,,,,,,,,,
13,0,19,,2,N,0,N,Port12_*,,,,,,,,,,,,,,,,,,,,,,,,,,,,,,
,1,,,1,Y,7,N,,,,,,,,,,,,,,,,,,,,,,,,,,,,,,,
,2,,,0,Y,6,Y,,,,,,,,,,,,,,,,,,,,,,,,,,,,,,,
,3,,,5,N,2,N,,,,,,,,,,,,,,,,,,,,,,,,,,,,,,,
,4,,,6,N,3,N,,,,,,,,,,,,,,,,,,,,,,,,,,,,,,,
,5,,,4,N,5,N,,,,,,,,,,,,,,,,,,,,,,,,,,,,,,,
,6,,,7,N,4,Y,,,,,,,,,,,,,,,,,,,,,,,,,,,,,,,
,7,,,3,N,1,N,,,,,,,,,,,,,,,,,,,,,,,,,,,,,,,
14,0,18,,2,N,1,N,Port13_*,,,,,,,,,,,,,,,,,,,,,,,,,,,,,,
,1,,,1,N,4,N,,,,,,,,,,,,,,,,,,,,,,,,,,,,,,,
,2,,,0,N,7,Y,,,,,,,,,,,,,,,,,,,,,,,,,,,,,,,
,3,,,3,N,5,Y,,,,,,,,,,,,,,,,,,,,,,,,,,,,,,,
,4,,,4,N,3,N,,,,,,,,,,,,,,,,,,,,,,,,,,,,,,,
,5,,,6,N,0,N,,,,,,,,,,,,,,,,,,,,,,,,,,,,,,,
,6,,,7,Y,2,Y,,,,,,,,,,,,,,,,,,,,,,,,,,,,,,,
,7,,,5,N,6,N,,,,,,,,,,,,,,,,,,,,,,,,,,,,,,,
15,0,17,,2,N,1,N,Port14_*,,,,,,,,,,,,,,,,,,,,,,,,,,,,,,
,1,,,6,Y,0,N,,,,,,,,,,,,,,,,,,,,,,,,,,,,,,,
,2,,,3,N,7,Y,,,,,,,,,,,,,,,,,,,,,,,,,,,,,,,
,3,,,1,N,4,N,,,,,,,,,,,,,,,,,,,,,,,,,,,,,,,
,4,,,5,Y,5,N,,,,,,,,,,,,,,,,,,,,,,,,,,,,,,,
,5,,,4,N,3,N,,,,,,,,,,,,,,,,,,,,,,,,,,,,,,,
,6,,,0,Y,6,Y,,,,,,,,,,,,,,,,,,,,,,,,,,,,,,,
,7,,,7,Y,2,N,,,,,,,,,,,,,,,,,,,,,,,,,,,,,,,
16,0,16,,5,Y,0,N,Port15_*,,,,,,,,,,,,,,,,,,,,,,,,,,,,,,
,1,,,7,Y,7,N,,,,,,,,,,,,,,,,,,,,,,,,,,,,,,,
,2,,,2,Y,2,N,,,,,,,,,,,,,,,,,,,,,,,,,,,,,,,
,3,,,3,Y,6,N,,,,,,,,,,,,,,,,,,,,,,,,,,,,,,,
,4,,,6,N,1,N,,,,,,,,,,,,,,,,,,,,,,,,,,,,,,,
,5,,,4,Y,3,N,,,,,,,,,,,,,,,,,,,,,,,,,,,,,,,
,6,,,0,Y,4,N,,,,,,,,,,,,,,,,,,,,,,,,,,,,,,,
,7,,,1,Y,5,N,,,,,,,,,,,,,,,,,,,,,,,,,,,,,,,
17,0,25,3,4,Y,4,Y,Port16_*,,,,,,,,,,,,,,,,,,,,,,,,,,,,,,
,1,,,6,Y,0,Y,,,,,,,,,,,,,,,,,,,,,,,,,,,,,,,
,2,,,1,N,7,Y,,,,,,,,,,,,,,,,,,,,,,,,,,,,,,,
,3,,,7,N,3,Y,,,,,,,,,,,,,,,,,,,,,,,,,,,,,,,
,4,,,0,N,1,Y,,,,,,,,,,,,,,,,,,,,,,,,,,,,,,,
,5,,,2,Y,2,Y,,,,,,,,,,,,,,,,,,,,,,,,,,,,,,,
,6,,,3,N,6,Y,,,,,,,,,,,,,,,,,,,,,,,,,,,,,,,
,7,,,5,N,5,Y,,,,,,,,,,,,,,,,,,,,,,,,,,,,,,,
18,0,24,,7,Y,1,Y,Port17_*,,,,,,,,,,,,,,,,,,,,,,,,,,,,,,
,1,,,6,Y,7,Y,,,,,,,,,,,,,,,,,,,,,,,,,,,,,,,
,2,,,1,N,0,N,,,,,,,,,,,,,,,,,,,,,,,,,,,,,,,
,3,,,0,Y,2,N,,,,,,,,,,,,,,,,,,,,,,,,,,,,,,,
,4,,,5,Y,3,Y,,,,,,,,,,,,,,,,,,,,,,,,,,,,,,,
,5,,,3,Y,5,Y,,,,,,,,,,,,,,,,,,,,,,,,,,,,,,,
,6,,,4,Y,4,N,,,,,,,,,,,,,,,,,,,,,,,,,,,,,,,
,7,,,2,Y,6,N,,,,,,,,,,,,,,,,,,,,,,,,,,,,,,,
19,0,27,,6,Y,2,Y,Port18_*,,,,,,,,,,,,,,,,,,,,,,,,,,,,,,
,1,,,4,N,0,Y,,,,,,,,,,,,,,,,,,,,,,,,,,,,,,,
,2,,,1,N,7,Y,,,,,,,,,,,,,,,,,,,,,,,,,,,,,,,
,3,,,3,N,3,Y,,,,,,,,,,,,,,,,,,,,,,,,,,,,,,,
,4,,,0,Y,4,Y,,,,,,,,,,,,,,,,,,,,,,,,,,,,,,,
,5,,,2,N,6,Y,,,,,,,,,,,,,,,,,,,,,,,,,,,,,,,
,6,,,5,N,5,Y,,,,,,,,,,,,,,,,,,,,,,,,,,,,,,,
,7,,,7,N,1,Y,,,,,,,,,,,,,,,,,,,,,,,,,,,,,,,
20,0,26,,1,N,3,Y,Port19_*,,,,,,,,,,,,,,,,,,,,,,,,,,,,,,
,1,,,0,N,7,Y,,,,,,,,,,,,,,,,,,,,,,,,,,,,,,,
,2,,,3,N,0,N,,,,,,,,,,,,,,,,,,,,,,,,,,,,,,,
,3,,,6,N,4,N,,,,,,,,,,,,,,,,,,,,,,,,,,,,,,,
,4,,,5,Y,5,Y,,,,,,,,,,,,,,,,,,,,,,,,,,,,,,,
,5,,,4,Y,6,Y,,,,,,,,,,,,,,,,,,,,,,,,,,,,,,,
,6,,,7,N,1,N,,,,,,,,,,,,,,,,,,,,,,,,,,,,,,,
,7,,,2,N,2,N,,,,,,,,,,,,,,,,,,,,,,,,,,,,,,,
21,0,29,,6,Y,6,Y,Port20_*,,,,,,,,,,,,,,,,,,,,,,,,,,,,,,
,1,,,2,Y,1,Y,,,,,,,,,,,,,,,,,,,,,,,,,,,,,,,
,2,,,0,Y,7,N,,,,,,,,,,,,,,,,,,,,,,,,,,,,,,,
,3,,,5,N,2,Y,,,,,,,,,,,,,,,,,,,,,,,,,,,,,,,
,4,,,4,Y,4,Y,,,,,,,,,,,,,,,,,,,,,,,,,,,,,,,
,5,,,1,N,0,Y,,,,,,,,,,,,,,,,,,,,,,,,,,,,,,,
,6,,,7,N,5,Y,,,,,,,,,,,,,,,,,,,,,,,,,,,,,,,
,7,,,3,Y,3,N,,,,,,,,,,,,,,,,,,,,,,,,,,,,,,,
22,0,28,,6,Y,2,Y,Port21_*,,,,,,,,,,,,,,,,,,,,,,,,,,,,,,
,1,,,5,Y,7,N,,,,,,,,,,,,,,,,,,,,,,,,,,,,,,,
,2,,,4,Y,0,N,,,,,,,,,,,,,,,,,,,,,,,,,,,,,,,
,3,,,0,N,6,N,,,,,,,,,,,,,,,,,,,,,,,,,,,,,,,
,4,,,7,Y,5,Y,,,,,,,,,,,,,,,,,,,,,,,,,,,,,,,
,5,,,3,Y,4,Y,,,,,,,,,,,,,,,,,,,,,,,,,,,,,,,
,6,,,2,Y,1,N,,,,,,,,,,,,,,,,,,,,,,,,,,,,,,,
,7,,,1,Y,3,N,,,,,,,,,,,,,,,,,,,,,,,,,,,,,,,
23,0,31,,0,N,0,Y,Port22_*,,,,,,,,,,,,,,,,,,,,,,,,,,,,,,
,1,,,2,Y,6,Y,,,,,,,,,,,,,,,,,,,,,,,,,,,,,,,
,2,,,6,N,1,Y,,,,,,,,,,,,,,,,,,,,,,,,,,,,,,,
,3,,,1,Y,5,N,,,,,,,,,,,,,,,,,,,,,,,,,,,,,,,
,4,,,4,Y,2,N,,,,,,,,,,,,,,,,,,,,,,,,,,,,,,,
,5,,,7,N,4,Y,,,,,,,,,,,,,,,,,,,,,,,,,,,,,,,
,6,,,5,Y,3,Y,,,,,,,,,,,,,,,,,,,,,,,,,,,,,,,
,7,,,3,Y,7,Y,,,,,,,,,,,,,,,,,,,,,,,,,,,,,,,
24,0,30,,3,Y,0,Y,Port23_*,,,,,,,,,,,,,,,,,,,,,,,,,,,,,,
,1,,,5,N,7,Y,,,,,,,,,,,,,,,,,,,,,,,,,,,,,,,
,2,,,7,N,2,N,,,,,,,,,,,,,,,,,,,,,,,,,,,,,,,
,3,,,6,Y,6,Y,,,,,,,,,,,,,,,,,,,,,,,,,,,,,,,
,4,,,0,N,1,N,,,,,,,,,,,,,,,,,,,,,,,,,,,,,,,
,5,,,1,Y,3,Y,,,,,,,,,,,,,,,,,,,,,,,,,,,,,,,
,6,,,2,Y,5,Y,,,,,,,,,,,,,,,,,,,,,,,,,,,,,,,
,7,,,4,Y,4,N,,,,,,,,,,,,,,,,,,,,,,,,,,,,,,,
25,0,6,0,5,N,7,N,Port25_*,,,,,,,,,,,,,,,,,,,,,,,,,,,,,,
,1,,,6,Y,1,N,,,,,,,,,,,,,,,,,,,,,,,,,,,,,,,
,2,,,3,Y,3,Y,,,,,,,,,,,,,,,,,,,,,,,,,,,,,,,
,3,,,2,N,4,Y,,,,,,,,,,,,,,,,,,,,,,,,,,,,,,,
,4,,,1,Y,2,N,,,,,,,,,,,,,,,,,,,,,,,,,,,,,,,
,5,,,7,N,0,Y,,,,,,,,,,,,,,,,,,,,,,,,,,,,,,,
,6,,,0,N,5,N,,,,,,,,,,,,,,,,,,,,,,,,,,,,,,,
,7,,,4,Y,6,Y,,,,,,,,,,,,,,,,,,,,,,,,,,,,,,,
26,0,7,,5,N,3,N,Port24_*,,,,,,,,,,,,,,,,,,,,,,,,,,,,,,
,1,,,3,N,0,N,,,,,,,,,,,,,,,,,,,,,,,,,,,,,,,
,2,,,6,N,7,N,,,,,,,,,,,,,,,,,,,,,,,,,,,,,,,
,3,,,1,Y,5,Y,,,,,,,,,,,,,,,,,,,,,,,,,,,,,,,
,4,,,7,N,4,N,,,,,,,,,,,,,,,,,,,,,,,,,,,,,,,
,5,,,4,Y,2,Y,,,,,,,,,,,,,,,,,,,,,,,,,,,,,,,
,6,,,0,Y,1,Y,,,,,,,,,,,,,,,,,,,,,,,,,,,,,,,
,7,,,2,N,6,N,,,,,,,,,,,,,,,,,,,,,,,,,,,,,,,
27,0,4,,1,N,6,N,Port27_*,,,,,,,,,,,,,,,,,,,,,,,,,,,,,,
,1,,,6,Y,0,N,,,,,,,,,,,,,,,,,,,,,,,,,,,,,,,
,2,,,3,Y,7,N,,,,,,,,,,,,,,,,,,,,,,,,,,,,,,,
,3,,,4,N,1,N,,,,,,,,,,,,,,,,,,,,,,,,,,,,,,,
,4,,,2,Y,2,N,,,,,,,,,,,,,,,,,,,,,,,,,,,,,,,
,5,,,7,N,3,Y,,,,,,,,,,,,,,,,,,,,,,,,,,,,,,,
,6,,,5,N,5,Y,,,,,,,,,,,,,,,,,,,,,,,,,,,,,,,
,7,,,0,N,4,N,,,,,,,,,,,,,,,,,,,,,,,,,,,,,,,
28,0,5,,5,N,4,Y,Port26_*,,,,,,,,,,,,,,,,,,,,,,,,,,,,,,
,1,,,4,N,0,N,,,,,,,,,,,,,,,,,,,,,,,,,,,,,,,
,2,,,0,Y,5,Y,,,,,,,,,,,,,,,,,,,,,,,,,,,,,,,
,3,,,3,N,2,Y,,,,,,,,,,,,,,,,,,,,,,,,,,,,,,,
,4,,,2,Y,6,N,,,,,,,,,,,,,,,,,,,,,,,,,,,,,,,
,5,,,6,N,3,Y,,,,,,,,,,,,,,,,,,,,,,,,,,,,,,,
,6,,,1,N,7,Y,,,,,,,,,,,,,,,,,,,,,,,,,,,,,,,
,7,,,7,Y,1,Y,,,,,,,,,,,,,,,,,,,,,,,,,,,,,,,
29,0,2,,5,Y,6,N,Port28_*,,,,,,,,,,,,,,,,,,,,,,,,,,,,,,
,1,,,2,Y,2,Y,,,,,,,,,,,,,,,,,,,,,,,,,,,,,,,
,2,,,3,Y,3,Y,,,,,,,,,,,,,,,,,,,,,,,,,,,,,,,
,3,,,6,N,1,Y,,,,,,,,,,,,,,,,,,,,,,,,,,,,,,,
,4,,,4,N,4,Y,,,,,,,,,,,,,,,,,,,,,,,,,,,,,,,
,5,,,0,Y,7,N,,,,,,,,,,,,,,,,,,,,,,,,,,,,,,,
,6,,,1,N,0,N,,,,,,,,,,,,,,,,,,,,,,,,,,,,,,,
,7,,,7,Y,5,N,,,,,,,,,,,,,,,,,,,,,,,,,,,,,,,
30,0,3,,7,Y,1,Y,Port29_*,,,,,,,,,,,,,,,,,,,,,,,,,,,,,,
,1,,,2,N,2,N,,,,,,,,,,,,,,,,,,,,,,,,,,,,,,,
,2,,,5,N,4,Y,,,,,,,,,,,,,,,,,,,,,,,,,,,,,,,
,3,,,0,N,3,N,,,,,,,,,,,,,,,,,,,,,,,,,,,,,,,
,4,,,1,Y,6,N,,,,,,,,,,,,,,,,,,,,,,,,,,,,,,,
,5,,,4,N,5,N,,,,,,,,,,,,,,,,,,,,,,,,,,,,,,,
,6,,,3,N,0,Y,,,,,,,,,,,,,,,,,,,,,,,,,,,,,,,
,7,,,6,N,7,N,,,,,,,,,,,,,,,,,,,,,,,,,,,,,,,
31,0,0,,7,Y,6,Y,Port30_*,,,,,,,,,,,,,,,,,,,,,,,,,,,,,,
,1,,,2,N,0,Y,,,,,,,,,,,,,,,,,,,,,,,,,,,,,,,
,2,,,1,Y,7,N,,,,,,,,,,,,,,,,,,,,,,,,,,,,,,,
,3,,,6,N,1,Y,,,,,,,,,,,,,,,,,,,,,,,,,,,,,,,
,4,,,0,N,4,Y,,,,,,,,,,,,,,,,,,,,,,,,,,,,,,,
,5,,,5,Y,2,Y,,,,,,,,,,,,,,,,,,,,,,,,,,,,,,,
,6,,,3,N,5,N,,,,,,,,,,,,,,,,,,,,,,,,,,,,,,,
,7,,,4,N,3,N,,,,,,,,,,,,,,,,,,,,,,,,,,,,,,,
32,0,1,,3,Y,4,Y,Port31_*,,,,,,,,,,,,,,,,,,,,,,,,,,,,,,
,1,,,4,N,1,Y,,,,,,,,,,,,,,,,,,,,,,,,,,,,,,,
,2,,,5,N,6,Y,,,,,,,,,,,,,,,,,,,,,,,,,,,,,,,
,3,,,2,N,3,N,,,,,,,,,,,,,,,,,,,,,,,,,,,,,,,
,4,,,1,Y,2,Y,,,,,,,,,,,,,,,,,,,,,,,,,,,,,,,
,5,,,0,N,0,Y,,,,,,,,,,,,,,,,,,,,,,,,,,,,,,,
,6,,,7,N,7,Y,,,,,,,,,,,,,,,,,,,,,,,,,,,,,,,
,7,,,6,N,5,Y,,,,,,,,,,,,,,,,,,,,,,,,,,,,,,,
33,0,N/A,N/A,3,N,3,N,CPU_*,,,,,,,,,,,,,,,,,,,,,,,,,,,,,,
,1,,,2,N,2,N,,,,,,,,,,,,,,,,,,,,,,,,,,,,,,,
,2,,,1,N,1,N,,,,,,,,,,,,,,,,,,,,,,,,,,,,,,,
,3,,,0,N,0,N,,,,,,,,,,,,,,,,,,,,,,,,,,,,,,,
