"virtual_name","register","bit_offset","bit_width","specs","readonly","api","notes"
"lsref_bypass","cmnmfsm_scratch_reg3",0,32,,"Y","Y",
"fast_sram_clk","cmnmfsm_scratch_reg4",0,32,,"Y","Y",
"dummy_1","rxmfsm_scratch_reg1",0,0,,,,
"dummy_2","rxmfsm_scratch_reg1",0,0,,,,
"nyq0","rxmfsm_scratch_reg1",0,16,,,,
"nyq1","rxmfsm_scratch_reg1",16,16,,,,
"nyq2","rxmfsm_scratch_reg2",0,16,,,,
"nyq3","rxmfsm_scratch_reg2",16,16,,,,
"nyq4","rxmfsm_scratch_reg3",0,16,,,,
"nyq5","rxmfsm_scratch_reg3",16,16,,,,
"cm1c1_takeover_ratio","rxmfsm_scratch_reg4",0,16,,"Y","Y","See FW for conversion formula"
"c0_takeover_code","rxmfsm_scratch_reg4",16,5,,"Y","Y",
"eqbk_counter","rxmfsm_scratch_reg5",0,5,,,,
"temp1","rxmfsm_scratch_reg5",5,7,,,,
"temp2","rxmfsm_scratch_reg5",12,4,,,,
"sigdet_offset_cal_valid","rxmfsm_scratch_reg5",16,1,,,,
"sigdet_offset_cal","rxmfsm_scratch_reg5",17,4,,,,
"fg_done","rxmfsm_scratch_reg6",0,1,,,,
"eqbk_first_iter_done","rxmfsm_scratch_reg6",1,1,,,,
"post1_npre1","rxmfsm_scratch_reg6",2,1,,,,
"linkeval_state","rxmfsm_scratch_reg6",3,4,,,,
"c0_dec_counter","rxmfsm_scratch_reg6",7,8,"eth",,,
"cm1_inc_counter","rxmfsm_scratch_reg6",15,6,"eth",,,
"c1_inc_counter","rxmfsm_scratch_reg6",21,6,"eth",,,
"c0_iter_remain","rxmfsm_scratch_reg6",27,5,"eth",,,
"channel_type","rxmfsm_scratch_reg6",16,2,"pcie",,,
"autoeq_disable","rxmfsm_scratch_reg7",0,8,,"Y","Y","{rate7 .. rate0}"
"eqstore_valid","rxmfsm_scratch_reg7",8,8,"pcie",,,
"disable_vga_cap_adapt","rxmfsm_scratch_reg7",16,1,,"Y","Y",
"disable_ctle_adapt","rxmfsm_scratch_reg7",17,1,,"Y","Y",
"disable_c0_adapt","rxmfsm_scratch_reg7",18,1,,"Y","Y",
"disable_cm1c1_adapt","rxmfsm_scratch_reg7",19,1,,"Y","Y",
"use_custom_vga_cap_takeover","rxmfsm_scratch_reg7",20,1,,"Y","Y",
"use_custom_ctle_takeover","rxmfsm_scratch_reg7",21,1,,"Y","Y",
"use_custom_c0_takeover","rxmfsm_scratch_reg7",22,1,,"Y","Y",
"use_custom_cm1c1_dz","rxmfsm_scratch_reg7",23,1,,"Y","Y",
"use_custom_cdr_offset","rxmfsm_scratch_reg7",24,1,,"Y","Y",
"use_custom_nyq_masks","rxmfsm_scratch_reg7",25,1,,"Y","Y",
"skip_wait_lt_done","rxmfsm_scratch_reg7",26,1,,"Y","Y",
"limit_target_cma","rxmfsm_scratch_reg7",28,1,,"Y","Y",
"zero_small_taps","rxmfsm_scratch_reg7",29,1,,"Y","Y",
"vga_cap_takeover_ratio","rxmfsm_scratch_reg8",0,16,,"Y","Y","See FW for conversion formula"
"ctle_takeover_ratio","rxmfsm_scratch_reg8",16,16,,"Y","Y","Unused dummy vfield to be deprecated"
"dz_pre1_fw","rxmfsm_scratch_reg9",0,32,,"Y","Y","See FW for conversion formula, {dz_hi_pre1_fw[31:16], dz_lo_pre1_fw[15:0]}"
"dz_post1_fw","rxmfsm_scratch_reg10",0,32,,"Y","Y","See FW for conversion formula, {dz_hi_post1_fw[31:16], dz_lo_post1_fw[15:0]}"
"cdr_offset_cfg","rxmfsm_scratch_reg11",0,9,,"Y","Y","{cdr_dir, cdr_offset[7:0]}"
"dummy_3","rxmfsm_scratch_reg11",0,0,,,,
"dummy_4","rxmfsm_scratch_reg11",0,0,,,,
"eqbk_hold_req","rxmfsm_scratch_reg11",30,1,,"Y","Y","Set 1 to pause eqbk, 0 to resume"
"eqbk_hold_ack","rxmfsm_scratch_reg11",31,1,,,"Y","Wait for 1 after setting eqbk_hold_req"
"nyq_mask_vga_cap","rxmfsm_scratch_reg12",0,8,,"Y","Y","{1p00 .. p125}"
"nyq_mask_ctle","rxmfsm_scratch_reg12",8,8,,"Y","Y","{1p00 .. p125}"
"nyq_mask_cm1c1","rxmfsm_scratch_reg12",16,8,,"Y","Y","{1p00 .. p125}"
"dummy_5","rxmfsm_scratch_reg12",0,0,,,,
"dummy_6","rxmfsm_scratch_reg12",0,0,,,,
"__nyq_mask","rx_ctle_adapt_error_calc_reg3",0,8,,,,
"enable_roaming_adapt","rx_ctle_adapt_error_calc_reg3",8,1,,"Y","Y",
"use_custom_roaming_windows","rx_ctle_adapt_error_calc_reg3",9,1,,"Y","Y",
"roaming_windows_cfg","rx_ctle_adapt_error_calc_reg4",0,14,,"Y","Y","{mode[13:12], window_select_2_nt[11:6], window_select_1_nt[5:0]}"
"dummy_7","rxmfsm_scratch_reg1",0,0,,,,
"dummy_8","rxmfsm_scratch_reg1",0,0,,,,
"dummy_9","rxmfsm_scratch_reg1",0,0,,,,
